metric,value
avg_demand,26.595628415300546
demand_std,13.545361770143094
promo_lift_pct,84.49998839832476
holiday_lift_pct,11.285503362279504
avg_elasticity,-2.481479467621757
weather_correlation,-0.061595860028709565
stockout_rate,11.420765027322405
undercut_rate,60.255009107468126
